[
  {
    "city": "Київ",
    "addto": "Київ",
    "cityCoordinates": [50.4504212701224, 30.5237082363775],
    "zoomCity": 12,
    "name": "вулиця Ялтинська, 5",
    "coordinates": [50.430013, 30.65233],
    "time": {
      "sunday": "9:00-20:00",
      "monday": "9:00-20:00",
      "tuesday": "9:00-20:00",
      "wednesday": "9:00-20:00",
      "thursday": "9:00-20:00",
      "friday": "9:00-20:00",
      "saturday": "9:00-20:00"
    }
  },
  {
    "city": "Київ",
    "addto": "Київ",
    "cityCoordinates": [50.4504212701224, 30.5237082363775],
    "zoomCity": 12,
    "name": "вулиця Академіка Булахоського, 5",
    "coordinates": [50.469167, 30.336167],
    "time": {
      "sunday": "9:00-20:00",
      "monday": "9:00-20:00",
      "tuesday": "9:00-20:00",
      "wednesday": "9:00-20:00",
      "thursday": "9:00-20:00",
      "friday": "9:00-20:00",
      "saturday": "9:00-20:00"
    }
  },
  {
    "city": "Київ",
    "addto": "Київ",
    "cityCoordinates": [50.4504212701224, 30.5237082363775],
    "zoomCity": 12,
    "name": "проспект Миколи Бажана, 1-О",
    "coordinates": [50.3989, 30.63313],
    "time": {
      "sunday": "9:00-21:00",
      "monday": "9:00-21:00",
      "tuesday": "9:00-21:00",
      "wednesday": "9:00-21:00",
      "thursday": "9:00-21:00",
      "friday": "9:00-21:00",
      "saturday": "9:00-21:00"
    }
  },
  {
    "city": "Київ",
    "addto": "Київ",
    "cityCoordinates": [50.4504212701224, 30.5237082363775],
    "zoomCity": 12,
    "name": "вулиця Межова, 26",
    "coordinates": [50.509443, 30.432492],
    "time": {
      "sunday": "9:00-20:00",
      "monday": "9:00-20:00",
      "tuesday": "9:00-20:00",
      "wednesday": "9:00-20:00",
      "thursday": "9:00-20:00",
      "friday": "9:00-20:00",
      "saturday": "9:00-20:00"
    }
  },
  {
    "city": "Київ",
    "addto": "Київ",
    "cityCoordinates": [50.4504212701224, 30.5237082363775],
    "zoomCity": 12,
    "name": "просп. Леся Курбаса, 6Г",
    "coordinates": [50.4297180294498, 30.3837957134925],
    "time": {
      "sunday": "9:00-20:00",
      "monday": "9:00-20:00",
      "tuesday": "9:00-20:00",
      "wednesday": "9:00-20:00",
      "thursday": "9:00-20:00",
      "friday": "9:00-20:00",
      "saturday": "9:00-20:00"
    }
  },
  {
    "city": "Київ",
    "addto": "Київ",
    "cityCoordinates": [50.4504212701224, 30.5237082363775],
    "zoomCity": 12,
    "name": "вул. Ентузіастів 7",
    "coordinates": [50.43579, 30.60084],
    "time": {
      "sunday": "9:00-20:00",
      "monday": "9:00-20:00",
      "tuesday": "9:00-20:00",
      "wednesday": "9:00-20:00",
      "thursday": "9:00-20:00",
      "friday": "9:00-20:00",
      "saturday": "9:00-20:00"
    }
  },
  {
    "city": "Київ",
    "addto": "Київ",
    "cityCoordinates": [50.4504212701224, 30.5237082363775],
    "zoomCity": 12,
    "name": "вул. Западинська 15А",
    "coordinates": [50.50724, 30.440458],
    "time": {
      "sunday": "9:00-20:00",
      "monday": "9:00-20:00",
      "tuesday": "9:00-20:00",
      "wednesday": "9:00-20:00",
      "thursday": "9:00-20:00",
      "friday": "9:00-20:00",
      "saturday": "9:00-20:00"
    }
  },
  {
    "city": "Київ",
    "addto": "Київ",
    "cityCoordinates": [50.4504212701224, 30.5237082363775],
    "zoomCity": 12,
    "name": "вул. Олександра Довженка 1г",
    "coordinates": [50.4568336723608, 30.4462888398433],
    "time": {
      "sunday": "9:00-20:00",
      "monday": "9:00-20:00",
      "tuesday": "9:00-20:00",
      "wednesday": "9:00-20:00",
      "thursday": "9:00-20:00",
      "friday": "9:00-20:00",
      "saturday": "9:00-20:00"
    }
  },
  {
    "city": "Київ",
    "addto": "Київ",
    "cityCoordinates": [50.4504212701224, 30.5237082363775],
    "zoomCity": 12,
    "name": "просп. Оболонський, 51 Б",
    "coordinates": [50.524047, 30.4991],
    "time": {
      "sunday": "9:00-20:00",
      "monday": "9:00-20:00",
      "tuesday": "9:00-20:00",
      "wednesday": "9:00-20:00",
      "thursday": "9:00-20:00",
      "friday": "9:00-20:00",
      "saturday": "9:00-20:00"
    }
  },
  {
    "city": "Київ",
    "addto": "Київ",
    "cityCoordinates": [50.4504212701224, 30.5237082363775],
    "zoomCity": 12,
    "name": "просп. Романа Шухевича,12",
    "coordinates": [50.494948, 30.581852],
    "time": {
      "sunday": "9:00-20:00",
      "monday": "9:00-20:00",
      "tuesday": "9:00-20:00",
      "wednesday": "9:00-20:00",
      "thursday": "9:00-20:00",
      "friday": "9:00-20:00",
      "saturday": "9:00-20:00"
    }
  },
  {
    "city": "Київ",
    "addto": "Київ",
    "cityCoordinates": [50.4504212701224, 30.5237082363775],
    "zoomCity": 12,
    "name": "вул. Метрополита Шептицького, 22",
    "coordinates": [50.456394, 30.593747],
    "time": {
      "sunday": "9:00-20:00",
      "monday": "9:00-20:00",
      "tuesday": "9:00-20:00",
      "wednesday": "9:00-20:00",
      "thursday": "9:00-20:00",
      "friday": "9:00-20:00",
      "saturday": "9:00-20:00"
    }
  },
  {
    "city": "Дніпро",
    "addto": "Дніпро",
    "cityCoordinates": [48.467721, 35.040859],
    "zoomCity": 12,
    "name": "м.Дніпро, проспект Поля, 104-А",
    "coordinates": [48.43357762, 35.011129],
    "time": {
      "sunday": "09:00-20:00",
      "monday": "09:00-20:00",
      "tuesday": "09:00-20:00",
      "wednesday": "09:00-20:00",
      "thursday": "09:00-20:00",
      "friday": "09:00-20:00",
      "saturday": "09:00-20:00"
    }
  },
  {
    "city": "Кам'янське",
    "addto": "Кам'янське",
    "cityCoordinates": [48.511339, 34.602108],
    "zoomCity": 12,
    "name": "м.Кам'янське, бульвар Будівельників, 37-М",
    "coordinates": [48.60211, 34.575817],
    "time": {
      "sunday": "09:00-20:00",
      "monday": "09:00-20:00",
      "tuesday": "09:00-20:00",
      "wednesday": "09:00-20:00",
      "thursday": "09:00-20:00",
      "friday": "09:00-20:00",
      "saturday": "09:00-20:00"
    }
  },
  {
    "city": "Житомир",
    "addto": "Житомир",
    "cityCoordinates": [50.25465, 28.658667],
    "zoomCity": 12,
    "name": "м.Житомир, вулиця Київська, 77",
    "coordinates": [50.267036, 28.686344],
    "time": {
      "sunday": "10:00-20:00",
      "monday": "10:00-20:00",
      "tuesday": "10:00-20:00",
      "wednesday": "10:00-20:00",
      "thursday": "10:00-20:00",
      "friday": "10:00-20:00",
      "saturday": "10:00-20:00"
    }
  },
  {
    "city": "Івано-Франківськ",
    "addto": "Івано-Франківськ",
    "cityCoordinates": [48.922633, 24.710328],
    "zoomCity": 12,
    "name": "м.Івано-Франківськ, вулиця Коновальця, 149",
    "coordinates": [48.9066201110779, 24.7130669205145],
    "time": {
      "sunday": "10:00-18:00",
      "monday": "09:00-19:00",
      "tuesday": "09:00-19:00",
      "wednesday": "09:00-19:00",
      "thursday": "09:00-19:00",
      "friday": "09:00-19:00",
      "saturday": "09:00-19:00"
    }
  },
  {
    "city": "Івано-Франківськ",
    "addto": "Івано-Франківськ",
    "cityCoordinates": [48.922633, 24.710328],
    "zoomCity": 12,
    "name": "м.Івано-Франківськ, вулиця Чорновола, 10",
    "coordinates": [48.9184662757079, 24.70686053862],
    "time": {
      "sunday": "10:00-18:00",
      "monday": "09:00-19:00",
      "tuesday": "09:00-19:00",
      "wednesday": "09:00-19:00",
      "thursday": "09:00-19:00",
      "friday": "09:00-19:00",
      "saturday": "09:00-19:00"
    }
  },
  {
    "city": "Івано-Франківськ",
    "addto": "Івано-Франківськ",
    "cityCoordinates": [48.922633, 24.710328],
    "zoomCity": 12,
    "name": "м.Івано-Франківськ, вулиця Хоткевича, 65",
    "coordinates": [48.923867, 24.737785],
    "time": {
      "sunday": "10:00-18:00",
      "monday": "09:00-19:00",
      "tuesday": "09:00-19:00",
      "wednesday": "09:00-19:00",
      "thursday": "09:00-19:00",
      "friday": "09:00-19:00",
      "saturday": "09:00-19:00"
    }
  },
  {
    "city": "Біла Церква",
    "addto": "Київ",
    "cityCoordinates": [49.80939, 30.11209],
    "zoomCity": 12,
    "name": "м.Біла Церква, бульвар Олександрійський, 78",
    "coordinates": [49.8125422143555, 30.0871354327265],
    "time": {
      "sunday": "09:00-20:00",
      "monday": "09:00-20:00",
      "tuesday": "09:00-20:00",
      "wednesday": "09:00-20:00",
      "thursday": "09:00-20:00",
      "friday": "09:00-20:00",
      "saturday": "09:00-20:00"
    }
  },
  {
    "city": "Кропивницький",
    "addto": "Кропивницький",
    "cityCoordinates": [48.507933, 32.262317],
    "zoomCity": 12,
    "name": "м.Кропивницький, вулиця Євгена Тельнова, 11-Б",
    "coordinates": [48.5034453273115, 32.2275712389611],
    "time": {
      "sunday": "09:00-20:00",
      "monday": "09:00-20:00",
      "tuesday": "09:00-20:00",
      "wednesday": "09:00-20:00",
      "thursday": "09:00-20:00",
      "friday": "09:00-20:00",
      "saturday": "09:00-20:00"
    }
  },
  {
    "city": "Трускавець",
    "addto": "Трускавець",
    "cityCoordinates": [49.278702, 23.505623],
    "zoomCity": 12,
    "name": "м.Трускавець, вулиця Річки, 24",
    "coordinates": [49.281015, 23.510042],
    "time": {
      "sunday": "10:00-18:00",
      "monday": "09:00-19:00",
      "tuesday": "09:00-19:00",
      "wednesday": "09:00-19:00",
      "thursday": "09:00-19:00",
      "friday": "09:00-19:00",
      "saturday": "09:00-19:00"
    }
  },
  {
    "city": "Хмельницький",
    "addto": "Хмельницький",
    "cityCoordinates": [49.421612, 26.996533],
    "zoomCity": 12,
    "name": "м.Хмельницький, проспект Миру, 72/5",
    "coordinates": [49.438927, 27.001891],
    "time": {
      "sunday": "09:00-20:00",
      "monday": "09:00-20:00",
      "tuesday": "09:00-20:00",
      "wednesday": "09:00-20:00",
      "thursday": "09:00-20:00",
      "friday": "09:00-20:00",
      "saturday": "09:00-20:00"
    }
  },
  {
    "city": "Львів",
    "addto": "Львів",
    "cityCoordinates": [49.841952, 24.031592],
    "zoomCity": 12,
    "name": "м. Львів, вулиця Зубровська, 38",
    "coordinates": [49.7952061826131, 24.0593726813756],
    "time": {
      "sunday": "09:00-20:00",
      "monday": "09:00-20:00",
      "tuesday": "09:00-20:00",
      "wednesday": "09:00-20:00",
      "thursday": "09:00-20:00",
      "friday": "09:00-20:00",
      "saturday": "09:00-20:00"
    }
  },
  {
    "city": "Новояворівськ",
    "addto": "Львів",
    "cityCoordinates": [49.936355, 23.573995],
    "zoomCity": 12,
    "name": "м. Новоярівськ, вулиця Степана Бандери, 22",
    "coordinates": [49.9307589857837, 23.574761138472],
    "time": {
      "sunday": "10:00-20:00",
      "monday": "09:00-20:00",
      "tuesday": "09:00-20:00",
      "wednesday": "09:00-20:00",
      "thursday": "09:00-20:00",
      "friday": "09:00-20:00",
      "saturday": "09:00-20:00"
    }
  },
  {
    "city": "Самбір",
    "addto": "Дрогобич",
    "cityCoordinates": [49.518305, 23.844038],
    "zoomCity": 12,
    "name": "м. Самбір, площа Площа Ринок, 12",
    "coordinates": [49.517515, 23.196516],
    "time": {
      "sunday": "10:00-19:00",
      "monday": "09:00-19:00",
      "tuesday": "09:00-19:00",
      "wednesday": "09:00-19:00",
      "thursday": "09:00-19:00",
      "friday": "09:00-19:00",
      "saturday": "09:00-19:00"
    }
  },
  {
    "city": "Стрий",
    "addto": "Стрий",
    "cityCoordinates": [49.262622, 23.856039],
    "zoomCity": 12,
    "name": "м. Стрий, вулиця Хмельницького, 4",
    "coordinates": [49.256849, 23.854507],
    "time": {
      "sunday": "10:00-20:00",
      "monday": "10:00-20:00",
      "tuesday": "10:00-20:00",
      "wednesday": "10:00-20:00",
      "thursday": "10:00-20:00",
      "friday": "10:00-20:00",
      "saturday": "10:00-20:00"
    }
  },
  {
    "city": "Полтава",
    "addto": "Полтава",
    "cityCoordinates": [49.588267, 34.551417],
    "zoomCity": 12,
    "name": "м. Полтава, вулиця Соборності, 74",
    "coordinates": [49.5984549252689, 34.5332844463208],
    "time": {
      "sunday": "09:00-20:00",
      "monday": "09:00-20:00",
      "tuesday": "09:00-20:00",
      "wednesday": "09:00-20:00",
      "thursday": "09:00-20:00",
      "friday": "09:00-20:00",
      "saturday": "09:00-20:00"
    }
  },
  {
    "city": "Полтава",
    "addto": "Полтава",
    "cityCoordinates": [49.588267, 34.551417],
    "zoomCity": 12,
    "name": "м. Полтава, вулиця Чураївни, 3/2",
    "coordinates": [49.5692222080017, 34.5768403979579],
    "time": {
      "sunday": "09:00-19:00",
      "monday": "09:00-19:00",
      "tuesday": "09:00-19:00",
      "wednesday": "09:00-19:00",
      "thursday": "09:00-19:00",
      "friday": "09:00-19:00",
      "saturday": "09:00-19:00"
    }
  },
  {
    "city": "Рівне",
    "addto": "Рівне",
    "cityCoordinates": [50.6199, 26.251617],
    "zoomCity": 12,
    "name": "м. Рівне, вулиця Академіка Грушевського, 37-А",
    "coordinates": [50.622648, 26.272221],
    "time": {
      "sunday": "10:00-20:00",
      "monday": "10:00-20:00",
      "tuesday": "10:00-20:00",
      "wednesday": "10:00-20:00",
      "thursday": "10:00-20:00",
      "friday": "10:00-20:00",
      "saturday": "10:00-20:00"
    }
  },
  {
    "city": "Кременчук",
    "addto": "Кременчук",
    "cityCoordinates": [49.067531, 33.413056],
    "zoomCity": 12,
    "name": "м. Кременчуг, проспект Леси Украинки, 39",
    "coordinates": [49.1347604244062, 33.441667623655],
    "time": {
      "sunday": "09:00-20:00",
      "monday": "09:00-20:00",
      "tuesday": "09:00-20:00",
      "wednesday": "09:00-20:00",
      "thursday": "09:00-20:00",
      "friday": "09:00-20:00",
      "saturday": "09:00-20:00"
    }
  },
  {
    "city": "Коростень",
    "addto": "Звягель",
    "cityCoordinates": [50.950502, 28.645748],
    "zoomCity": 12,
    "name": "м. Коростень, вулиця Сосновського, 46",
    "coordinates": [50.943504, 28.653974],
    "time": {
      "sunday": "09:00-19:00",
      "monday": "09:00-19:00",
      "tuesday": "09:00-19:00",
      "wednesday": "09:00-19:00",
      "thursday": "09:00-19:00",
      "friday": "09:00-19:00",
      "saturday": "09:00-19:00"
    }
  },
  {
    "city": "Рівне",
    "addto": "Рівне",
    "cityCoordinates": [50.6199, 26.251617],
    "zoomCity": 12,
    "name": "м. Рівне, вулиця Василя Червонія, 63",
    "coordinates": [50.633292, 26.275863],
    "time": {
      "sunday": "10:00-20:00",
      "monday": "10:00-20:00",
      "tuesday": "10:00-20:00",
      "wednesday": "10:00-20:00",
      "thursday": "10:00-20:00",
      "friday": "10:00-20:00",
      "saturday": "10:00-20:00"
    }
  },
  {
    "city": "Житомир",
    "addto": "Житомир",
    "cityCoordinates": [50.25465, 28.658667],
    "zoomCity": 12,
    "name": "м. Житомир, вулиця Вітрука, 53",
    "coordinates": [50.240694, 28.702526],
    "time": {
      "sunday": "09:00-20:00",
      "monday": "09:00-20:00",
      "tuesday": "09:00-20:00",
      "wednesday": "09:00-20:00",
      "thursday": "09:00-20:00",
      "friday": "09:00-20:00",
      "saturday": "09:00-20:00"
    }
  },
  {
    "city": "Вінниця",
    "addto": "Вінниця",
    "cityCoordinates": [49.233083, 28.468217],
    "zoomCity": 12,
    "name": "м. Вінниця, вулиця Матроса Кішки, 2-А",
    "coordinates": [49.225668, 28.44943],
    "time": {
      "sunday": "09:00-20:00",
      "monday": "09:00-20:00",
      "tuesday": "09:00-20:00",
      "wednesday": "09:00-20:00",
      "thursday": "09:00-20:00",
      "friday": "09:00-20:00",
      "saturday": "09:00-20:00"
    }
  },
  {
    "city": "Кременчук",
    "addto": "Кременчук",
    "cityCoordinates": [49.067531, 33.413056],
    "zoomCity": 12,
    "name": "м. Кременчук, вулиця Шевченка, 46",
    "coordinates": [49.069321, 33.414017],
    "time": {
      "sunday": "10:00-20:00",
      "monday": "10:00-20:00",
      "tuesday": "10:00-20:00",
      "wednesday": "10:00-20:00",
      "thursday": "10:00-20:00",
      "friday": "10:00-20:00",
      "saturday": "10:00-20:00"
    }
  },
  {
    "city": "Звягель",
    "addto": "Звягель",
    "cityCoordinates": [50.5951, 27.6169],
    "zoomCity": 12,
    "name": "м. Звягель, вулиця Юрія Глухова, 15",
    "coordinates": [50.587162, 27.605251],
    "time": {
      "sunday": "09:00-19:00",
      "monday": "09:00-19:00",
      "tuesday": "09:00-19:00",
      "wednesday": "09:00-19:00",
      "thursday": "09:00-19:00",
      "friday": "09:00-19:00",
      "saturday": "09:00-19:00"
    }
  },
  {
    "city": "Житомир",
    "addto": "Житомир",
    "cityCoordinates": [50.25465, 28.658667],
    "zoomCity": 12,
    "name": "м. Житомир, площа Житній ринок, 1",
    "coordinates": [50.255472, 28.672122],
    "time": {
      "sunday": "09:00-19:00",
      "monday": "09:00-19:00",
      "tuesday": "09:00-19:00",
      "wednesday": "09:00-19:00",
      "thursday": "09:00-19:00",
      "friday": "09:00-19:00",
      "saturday": "09:00-19:00"
    }
  },
  {
    "city": "Рівне",
    "addto": "Рівне",
    "cityCoordinates": [50.6199, 26.251617],
    "zoomCity": 12,
    "name": "м. Рівне, вулиця Корольова, 6",
    "coordinates": [50.638719, 26.199011],
    "time": {
      "sunday": "09:00-20:00",
      "monday": "09:00-20:00",
      "tuesday": "09:00-20:00",
      "wednesday": "09:00-20:00",
      "thursday": "09:00-20:00",
      "friday": "09:00-20:00",
      "saturday": "09:00-20:00"
    }
  },
  {
    "city": "Кам'янське",
    "addto": "Кам'янське",
    "cityCoordinates": [48.511339, 34.602108],
    "zoomCity": 12,
    "name": "м. Кам'янське, вулиця Ніколенко, 11-А",
    "coordinates": [48.506654, 34.588731],
    "time": {
      "sunday": "09:00-20:00",
      "monday": "09:00-20:00",
      "tuesday": "09:00-20:00",
      "wednesday": "09:00-20:00",
      "thursday": "09:00-20:00",
      "friday": "09:00-20:00",
      "saturday": "09:00-20:00"
    }
  },
  {
    "city": "Нетішин",
    "addto": "Рівне",
    "cityCoordinates": [50.337689, 26.649186],
    "zoomCity": 12,
    "name": "м. Нетішин, проспект Незалежності, 19-А",
    "coordinates": [50.334117, 26.6462997],
    "time": {
      "sunday": "09:00-20:00",
      "monday": "09:00-20:00",
      "tuesday": "09:00-20:00",
      "wednesday": "09:00-20:00",
      "thursday": "09:00-20:00",
      "friday": "09:00-20:00",
      "saturday": "09:00-20:00"
    }
  },
  {
    "city": "Бердичів",
    "addto": "Житомир",
    "cityCoordinates": [49.894697, 28.598354],
    "zoomCity": 12,
    "name": "м. Бердичів, вулиця Європейська, 48",
    "coordinates": [49.891806, 28.591833],
    "time": {
      "sunday": "09:00-20:00",
      "monday": "09:00-20:00",
      "tuesday": "09:00-20:00",
      "wednesday": "09:00-20:00",
      "thursday": "09:00-20:00",
      "friday": "09:00-20:00",
      "saturday": "09:00-20:00"
    }
  },
  {
    "city": "Кропивницький",
    "addto": "Кропивницький",
    "cityCoordinates": [48.507933, 32.262317],
    "zoomCity": 12,
    "name": "м. Кропивницький, вулиця Героїв України, 6/13",
    "coordinates": [48.4957520759964, 32.2204680119769],
    "time": {
      "sunday": "10:00-19:00",
      "monday": "10:00-20:00",
      "tuesday": "10:00-20:00",
      "wednesday": "10:00-20:00",
      "thursday": "10:00-20:00",
      "friday": "10:00-20:00",
      "saturday": "10:00-20:00"
    }
  },
  {
    "city": "Калуш",
    "addto": "Долина",
    "cityCoordinates": [49.048839, 24.369684],
    "zoomCity": 12,
    "name": "м. Калуш, вулиця Богдана Хмельницького, 6",
    "coordinates": [49.0371045399852, 24.3573700969181],
    "time": {
      "sunday": "10:00-18:00",
      "monday": "09:00-19:00",
      "tuesday": "09:00-19:00",
      "wednesday": "09:00-19:00",
      "thursday": "09:00-19:00",
      "friday": "09:00-19:00",
      "saturday": "09:00-19:00"
    }
  },
  {
    "city": "Дніпро",
    "addto": "Дніпро",
    "cityCoordinates": [48.467721, 35.040859],
    "zoomCity": 12,
    "name": "м. Дніпро, провулок Вільний, 2А",
    "coordinates": [48.5301744648768, 35.0169072815724],
    "time": {
      "sunday": "09:00-20:00",
      "monday": "09:00-20:00",
      "tuesday": "09:00-20:00",
      "wednesday": "09:00-20:00",
      "thursday": "09:00-20:00",
      "friday": "09:00-20:00",
      "saturday": "09:00-20:00"
    }
  },
  {
    "city": "Дніпро",
    "addto": "Дніпро",
    "cityCoordinates": [48.467721, 35.040859],
    "zoomCity": 12,
    "name": "м. Дніпро, вулиця Сонячна Набережна, 14-А",
    "coordinates": [48.48176, 35.0678],
    "time": {
      "sunday": "09:00-20:00",
      "monday": "09:00-20:00",
      "tuesday": "09:00-20:00",
      "wednesday": "09:00-20:00",
      "thursday": "09:00-20:00",
      "friday": "09:00-20:00",
      "saturday": "09:00-20:00"
    }
  },
  {
    "city": "Дубно",
    "addto": "Луцьк",
    "cityCoordinates": [50.417815, 25.750844],
    "zoomCity": 12,
    "name": "м. Дубно, проспект Незалежності, 9",
    "coordinates": [50.417979, 25.745138],
    "time": {
      "sunday": "09:00-19:00",
      "monday": "09:00-19:00",
      "tuesday": "09:00-19:00",
      "wednesday": "09:00-19:00",
      "thursday": "09:00-19:00",
      "friday": "09:00-19:00",
      "saturday": "09:00-19:00"
    }
  },
  {
    "city": "Житомир",
    "addto": "Житомир",
    "cityCoordinates": [50.25465, 28.658667],
    "zoomCity": 12,
    "name": "м. Житомир, вулиця Київська, 87",
    "coordinates": [50.267574, 28.689988],
    "time": {
      "sunday": "09:00-20:00",
      "monday": "09:00-20:00",
      "tuesday": "09:00-20:00",
      "wednesday": "09:00-20:00",
      "thursday": "09:00-20:00",
      "friday": "09:00-20:00",
      "saturday": "09:00-20:00"
    }
  },
  {
    "city": "Житомир",
    "addto": "Житомир",
    "cityCoordinates": [50.25465, 28.658667],
    "zoomCity": 12,
    "name": "м. Житомир, проспект Миру, 23",
    "coordinates": [50.278647, 28.630852],
    "time": {
      "sunday": "09:00-20:00",
      "monday": "09:00-20:00",
      "tuesday": "09:00-20:00",
      "wednesday": "09:00-20:00",
      "thursday": "09:00-20:00",
      "friday": "09:00-20:00",
      "saturday": "09:00-20:00"
    }
  },
  {
    "city": "Звягель",
    "addto": "Звягель",
    "cityCoordinates": [50.5951, 27.6169],
    "zoomCity": 12,
    "name": "м. Звягель, вулиця Шевченка, 12",
    "coordinates": [50.591022, 27.617268],
    "time": {
      "sunday": "09:00-19:00",
      "monday": "09:00-19:00",
      "tuesday": "09:00-19:00",
      "wednesday": "09:00-19:00",
      "thursday": "09:00-19:00",
      "friday": "09:00-19:00",
      "saturday": "09:00-19:00"
    }
  },
  {
    "city": "Івано-Франківськ",
    "addto": "Івано-Франківськ",
    "cityCoordinates": [48.922633, 24.710328],
    "zoomCity": 12,
    "name": "м. Івано-Франківськ, вулиця Галицька, 41-Б",
    "coordinates": [48.9240631156263, 24.7086561386204],
    "time": {
      "sunday": "10:00-18:00",
      "monday": "09:00-19:00",
      "tuesday": "09:00-19:00",
      "wednesday": "09:00-19:00",
      "thursday": "09:00-19:00",
      "friday": "09:00-19:00",
      "saturday": "09:00-19:00"
    }
  },
  {
    "city": "Кам'янське",
    "addto": "Кам'янське",
    "cityCoordinates": [48.511339, 34.602108],
    "zoomCity": 12,
    "name": "м. Кам'янське, проспект Василя Стуса, 13-Д",
    "coordinates": [48.515931, 34.581391],
    "time": {
      "sunday": "09:00-20:00",
      "monday": "09:00-20:00",
      "tuesday": "09:00-20:00",
      "wednesday": "09:00-20:00",
      "thursday": "09:00-20:00",
      "friday": "09:00-20:00",
      "saturday": "09:00-20:00"
    }
  },
  {
    "city": "Полтава",
    "addto": "Полтава",
    "cityCoordinates": [49.588267, 34.551417],
    "zoomCity": 12,
    "name": "м. Полтава, вулиця Велекотернівська, 39-А",
    "coordinates": [49.5891292203219, 34.4916154578734],
    "time": {
      "sunday": "09:00-20:00",
      "monday": "09:00-20:00",
      "tuesday": "09:00-20:00",
      "wednesday": "09:00-20:00",
      "thursday": "09:00-20:00",
      "friday": "09:00-20:00",
      "saturday": "09:00-20:00"
    }
  },
  {
    "city": "Рівне",
    "addto": "Рівне",
    "cityCoordinates": [50.6199, 26.251617],
    "zoomCity": 12,
    "name": "м. Рівне, вулиця Київська, 77",
    "coordinates": [50.61619, 26.282723],
    "time": {
      "sunday": "09:00-20:00",
      "monday": "09:00-20:00",
      "tuesday": "09:00-20:00",
      "wednesday": "09:00-20:00",
      "thursday": "09:00-20:00",
      "friday": "09:00-20:00",
      "saturday": "09:00-20:00"
    }
  },
  {
    "city": "Рівне",
    "addto": "Рівне",
    "cityCoordinates": [50.6199, 26.251617],
    "zoomCity": 12,
    "name": "м. Рівне, вулиця Чорновола, 60",
    "coordinates": [50.61365, 26.256261],
    "time": {
      "sunday": "10:00-20:00",
      "monday": "10:00-20:00",
      "tuesday": "10:00-20:00",
      "wednesday": "10:00-20:00",
      "thursday": "10:00-20:00",
      "friday": "10:00-20:00",
      "saturday": "10:00-20:00"
    }
  },
  {
    "city": "Рівне",
    "addto": "Рівне",
    "cityCoordinates": [50.6199, 26.251617],
    "zoomCity": 12,
    "name": "м. Рівне, вулиця Базарна, 8",
    "coordinates": [50.620944, 26.241944],
    "time": {
      "sunday": "09:00-19:00",
      "monday": "09:00-19:00",
      "tuesday": "09:00-19:00",
      "wednesday": "09:00-19:00",
      "thursday": "09:00-19:00",
      "friday": "09:00-19:00",
      "saturday": "09:00-19:00"
    }
  },
  {
    "city": "Стрий",
    "addto": "Стрий",
    "cityCoordinates": [49.262622, 23.856039],
    "zoomCity": 12,
    "name": "м. Стрий, вулиця Тараса Шевченка, 28",
    "coordinates": [49.256768, 23.84812],
    "time": {
      "sunday": "10:00-18:00",
      "monday": "09:00-19:00",
      "tuesday": "09:00-19:00",
      "wednesday": "09:00-19:00",
      "thursday": "09:00-19:00",
      "friday": "09:00-19:00",
      "saturday": "09:00-19:00"
    }
  },
  {
    "city": "Хмельницький",
    "addto": "Хмельницький",
    "cityCoordinates": [49.421612, 26.996533],
    "zoomCity": 12,
    "name": "м. Хмельницький, вулиця Довженка, 4",
    "coordinates": [49.398406, 27.050377],
    "time": {
      "sunday": "09:00-20:00",
      "monday": "09:00-20:00",
      "tuesday": "09:00-20:00",
      "wednesday": "09:00-20:00",
      "thursday": "09:00-20:00",
      "friday": "09:00-20:00",
      "saturday": "09:00-20:00"
    }
  },
  {
    "city": "Черкаси",
    "addto": "Черкаси",
    "cityCoordinates": [49.444433, 32.059767],
    "zoomCity": 12,
    "name": "м. Черкаси, вулиця Смілянська, 46",
    "coordinates": [49.43891, 32.0604],
    "time": {
      "sunday": "09:00-20:00",
      "monday": "09:00-20:00",
      "tuesday": "09:00-20:00",
      "wednesday": "09:00-20:00",
      "thursday": "09:00-20:00",
      "friday": "09:00-20:00",
      "saturday": "09:00-20:00"
    }
  },
  {
    "city": "Черкаси",
    "addto": "Черкаси",
    "cityCoordinates": [49.444433, 32.059767],
    "zoomCity": 12,
    "name": "м. Черкаси, вулиця  Гоголя, 266/1",
    "coordinates": [49.43917, 32.06316],
    "time": {
      "sunday": "08:00-18:00",
      "monday": "08:00-18:00",
      "tuesday": "08:00-18:00",
      "wednesday": "08:00-18:00",
      "thursday": "08:00-18:00",
      "friday": "08:00-18:00",
      "saturday": "08:00-18:00"
    }
  },
  {
    "city": "Бориспіль",
    "addto": "Київ",
    "cityCoordinates": [50.348269, 30.956064],
    "zoomCity": 12,
    "name": "м. Бориспіль, вулиця Київський Шлях, 76",
    "coordinates": [50.350234, 30.9525666],
    "time": {
      "sunday": "09:00-20:00",
      "monday": "09:00-20:00",
      "tuesday": "09:00-20:00",
      "wednesday": "09:00-20:00",
      "thursday": "09:00-20:00",
      "friday": "09:00-20:00",
      "saturday": "09:00-20:00"
    }
  },
  {
    "city": "Бориспіль",
    "addto": "Київ",
    "cityCoordinates": [50.348269, 30.956064],
    "zoomCity": 12,
    "name": "м. Бориспіль, вулиця Київський Шлях, 10-В",
    "coordinates": [50.3581177302695, 30.9391051487794],
    "time": {
      "sunday": "09:00-19:00",
      "monday": "09:00-19:00",
      "tuesday": "09:00-19:00",
      "wednesday": "09:00-19:00",
      "thursday": "09:00-19:00",
      "friday": "09:00-19:00",
      "saturday": "09:00-19:00"
    }
  },
  {
    "city": "Житомир",
    "addto": "Житомир",
    "cityCoordinates": [50.25465, 28.658667],
    "zoomCity": 12,
    "name": "м. Житомир, вулиця Вінницька, 71",
    "coordinates": [49.887115, 28.594616],
    "time": {
      "sunday": "09:00-20:00",
      "monday": "09:00-20:00",
      "tuesday": "09:00-20:00",
      "wednesday": "09:00-20:00",
      "thursday": "09:00-20:00",
      "friday": "09:00-20:00",
      "saturday": "09:00-20:00"
    }
  },
  {
    "city": "Костопіль",
    "addto": "Рівне",
    "cityCoordinates": [50.878236, 26.447975],
    "zoomCity": 12,
    "name": "м. Костопіль, вулиця 8 Березня, 6-А",
    "coordinates": [50.877534, 26.456409],
    "time": {
      "sunday": "09:00-19:00",
      "monday": "09:00-19:00",
      "tuesday": "09:00-19:00",
      "wednesday": "09:00-19:00",
      "thursday": "09:00-19:00",
      "friday": "09:00-19:00",
      "saturday": "09:00-19:00"
    }
  },
  {
    "city": "Житомир",
    "addto": "Житомир",
    "cityCoordinates": [50.25465, 28.658667],
    "zoomCity": 12,
    "name": "м. Житомир, вулиця Чуднівська, 92",
    "coordinates": [50.24563, 28.642581],
    "time": {
      "sunday": "09:00-20:00",
      "monday": "09:00-20:00",
      "tuesday": "09:00-20:00",
      "wednesday": "09:00-20:00",
      "thursday": "09:00-20:00",
      "friday": "09:00-20:00",
      "saturday": "09:00-20:00"
    }
  },
  {
    "city": "Львів",
    "addto": "Львів",
    "cityCoordinates": [49.841952, 24.031592],
    "zoomCity": 12,
    "name": "м. Львів, вулиця Мазепи, 26",
    "coordinates": [49.8718141102721, 24.0416442374103],
    "time": {
      "sunday": "09:00-20:00",
      "monday": "09:00-20:00",
      "tuesday": "09:00-20:00",
      "wednesday": "09:00-20:00",
      "thursday": "09:00-20:00",
      "friday": "09:00-20:00",
      "saturday": "09:00-20:00"
    }
  },
  {
    "city": "Біла Церква",
    "addto": "Київ",
    "cityCoordinates": [49.80939, 30.11209],
    "zoomCity": 12,
    "name": "м.Біла Церква,вул.Волонтерська, 1-А",
    "coordinates": [49.818062, 30.069204],
    "time": {
      "sunday": "08:00-19:00",
      "monday": "08:00-19:00",
      "tuesday": "08:00-19:00",
      "wednesday": "08:00-19:00",
      "thursday": "08:00-19:00",
      "friday": "08:00-19:00",
      "saturday": "08:00-19:00"
    }
  },
  {
    "city": "Хмельницький",
    "addto": "Хмельницький",
    "cityCoordinates": [49.421612, 26.996533],
    "zoomCity": 12,
    "name": "м. Хмельницький, вулиця Зарічанська, 16",
    "coordinates": [49.433201, 26.998912],
    "time": {
      "sunday": "09:00-20:00",
      "monday": "09:00-20:00",
      "tuesday": "09:00-20:00",
      "wednesday": "09:00-20:00",
      "thursday": "09:00-20:00",
      "friday": "09:00-20:00",
      "saturday": "09:00-20:00"
    }
  },
  {
    "city": "Дніпро",
    "addto": "Дніпро",
    "cityCoordinates": [48.467721, 35.040859],
    "zoomCity": 12,
    "name": "м. Дніпро, вулиця Івана Мазепи, 58",
    "coordinates": [48.46279, 34.96935],
    "time": {
      "sunday": "09:00-20:00",
      "monday": "09:00-20:00",
      "tuesday": "09:00-20:00",
      "wednesday": "09:00-20:00",
      "thursday": "09:00-20:00",
      "friday": "09:00-20:00",
      "saturday": "09:00-20:00"
    }
  },
  {
    "city": "Дрогобич",
    "addto": "Дрогобич",
    "cityCoordinates": [49.353312, 23.505579],
    "zoomCity": 12,
    "name": "м. Дрогобич, вулиця Мазепи, 14",
    "coordinates": [49.3516214258797, 23.5098072334926],
    "time": {
      "sunday": "10:00-18:00",
      "monday": "09:00-19:00",
      "tuesday": "09:00-19:00",
      "wednesday": "09:00-19:00",
      "thursday": "09:00-19:00",
      "friday": "09:00-19:00",
      "saturday": "09:00-19:00"
    }
  },
  {
    "city": "Кам'янське",
    "addto": "Кам'янське",
    "cityCoordinates": [48.511339, 34.602108],
    "zoomCity": 12,
    "name": "м. Кам'янське, проспект Конституції, 18",
    "coordinates": [48.4776, 34.66539],
    "time": {
      "sunday": "09:00-19:00",
      "monday": "09:00-19:00",
      "tuesday": "09:00-19:00",
      "wednesday": "09:00-19:00",
      "thursday": "09:00-19:00",
      "friday": "09:00-19:00",
      "saturday": "09:00-19:00"
    }
  },
  {
    "city": "Вишневе",
    "addto": "Київ",
    "cityCoordinates": [50.389351, 30.370846],
    "zoomCity": 12,
    "name": "м. Вишневе, вулиця Святошинська, 27/70",
    "coordinates": [50.388409, 30.367522],
    "time": {
      "sunday": "10:00-20:00",
      "monday": "10:00-20:00",
      "tuesday": "10:00-20:00",
      "wednesday": "10:00-20:00",
      "thursday": "10:00-20:00",
      "friday": "10:00-20:00",
      "saturday": "10:00-20:00"
    }
  },
  {
    "city": "Вінниця",
    "addto": "Вінниця",
    "cityCoordinates": [49.233083, 28.468217],
    "zoomCity": 12,
    "name": "м. Вінниця, проспект Космонавтів, 47",
    "coordinates": [49.226241, 28.420982],
    "time": {
      "sunday": "09:00-20:00",
      "monday": "09:00-20:00",
      "tuesday": "09:00-20:00",
      "wednesday": "09:00-20:00",
      "thursday": "09:00-20:00",
      "friday": "09:00-20:00",
      "saturday": "09:00-20:00"
    }
  },
  {
    "city": "Вінниця",
    "addto": "Вінниця",
    "cityCoordinates": [49.233083, 28.468217],
    "zoomCity": 12,
    "name": "м. Вінниця, проспект Коцюбинського, 11",
    "coordinates": [49.239111, 28.504139],
    "time": {
      "sunday": "09:00-19:00",
      "monday": "09:00-19:00",
      "tuesday": "09:00-19:00",
      "wednesday": "09:00-19:00",
      "thursday": "09:00-19:00",
      "friday": "09:00-19:00",
      "saturday": "09:00-19:00"
    }
  },
  {
    "city": "Хмельницький",
    "addto": "Хмельницький",
    "cityCoordinates": [49.421612, 26.996533],
    "zoomCity": 12,
    "name": "м. Хмельницький, вулиця Зарічанська, 38",
    "coordinates": [49.4367820816973, 26.9847324809291],
    "time": {
      "sunday": "09:00-20:00",
      "monday": "09:00-20:00",
      "tuesday": "09:00-20:00",
      "wednesday": "09:00-20:00",
      "thursday": "09:00-20:00",
      "friday": "09:00-20:00",
      "saturday": "09:00-20:00"
    }
  },
  {
    "city": "Біла Церква",
    "addto": "Київ",
    "cityCoordinates": [49.80939, 30.11209],
    "zoomCity": 12,
    "name": "м.Біла Церква, вулиця Гончара, 1/42",
    "coordinates": [49.8072419247616, 30.1043709121991],
    "time": {
      "sunday": "09:00-20:00",
      "monday": "09:00-20:00",
      "tuesday": "09:00-20:00",
      "wednesday": "09:00-20:00",
      "thursday": "09:00-20:00",
      "friday": "09:00-20:00",
      "saturday": "09:00-20:00"
    }
  },
  {
    "city": "Вишневе",
    "addto": "Київ",
    "cityCoordinates": [50.389351, 30.370846],
    "zoomCity": 12,
    "name": "м. Вишневе, вулиця Молодіжна, 33",
    "coordinates": [50.382689, 30.384401],
    "time": {
      "sunday": "10:00-20:00",
      "monday": "10:00-20:00",
      "tuesday": "10:00-20:00",
      "wednesday": "10:00-20:00",
      "thursday": "10:00-20:00",
      "friday": "10:00-20:00",
      "saturday": "10:00-20:00"
    }
  },
  {
    "city": "Вінниця",
    "addto": "Вінниця",
    "cityCoordinates": [49.233083, 28.468217],
    "zoomCity": 12,
    "name": "м. Вінниця, Хмельницьке шосе, 107",
    "coordinates": [49.237291, 28.403126],
    "time": {
      "sunday": "08:00-19:00",
      "monday": "08:00-19:00",
      "tuesday": "08:00-19:00",
      "wednesday": "08:00-19:00",
      "thursday": "08:00-19:00",
      "friday": "08:00-19:00",
      "saturday": "08:00-19:00"
    }
  },
  {
    "city": "Дніпро",
    "addto": "Дніпро",
    "cityCoordinates": [48.467721, 35.040859],
    "zoomCity": 12,
    "name": "м. Дніпро, вулиця Велика Діївська, 111-Р",
    "coordinates": [48.47952, 34.92652],
    "time": {
      "sunday": "09:00-20:00",
      "monday": "09:00-20:00",
      "tuesday": "09:00-20:00",
      "wednesday": "09:00-20:00",
      "thursday": "09:00-20:00",
      "friday": "09:00-20:00",
      "saturday": "09:00-20:00"
    }
  },
  {
    "city": "Дніпро",
    "addto": "Дніпро",
    "cityCoordinates": [48.467721, 35.040859],
    "zoomCity": 12,
    "name": "м. Дніпро, вулиця 20-річчя Перемоги, 35",
    "coordinates": [48.4155269293422, 35.1330287993811],
    "time": {
      "sunday": "09:00-20:00",
      "monday": "09:00-20:00",
      "tuesday": "09:00-20:00",
      "wednesday": "09:00-20:00",
      "thursday": "09:00-20:00",
      "friday": "09:00-20:00",
      "saturday": "09:00-20:00"
    }
  },
  {
    "city": "Біла Церква",
    "addto": "Київ",
    "cityCoordinates": [49.80939, 30.11209],
    "zoomCity": 12,
    "name": "м.Біла Церква, вулиця Ярослава Мудрого, 40",
    "coordinates": [49.7980944291448, 30.1219582529406],
    "time": {
      "sunday": "09:00-20:00",
      "monday": "09:00-20:00",
      "tuesday": "09:00-20:00",
      "wednesday": "09:00-20:00",
      "thursday": "09:00-20:00",
      "friday": "09:00-20:00",
      "saturday": "09:00-20:00"
    }
  },
  {
    "city": "Дніпро",
    "addto": "Дніпро",
    "cityCoordinates": [48.467721, 35.040859],
    "zoomCity": 12,
    "name": "м. Дніпро, вулиця Семафорна, 32-Б",
    "coordinates": [48.49228, 35.13674],
    "time": {
      "sunday": "09:00-20:00",
      "monday": "09:00-20:00",
      "tuesday": "09:00-20:00",
      "wednesday": "09:00-20:00",
      "thursday": "09:00-20:00",
      "friday": "09:00-20:00",
      "saturday": "09:00-20:00"
    }
  },
  {
    "city": "Дніпро",
    "addto": "Дніпро",
    "cityCoordinates": [48.467721, 35.040859],
    "zoomCity": 12,
    "name": "м. Дніпро, Донецьке шоссе, 7",
    "coordinates": [48.5110595492366, 34.9916176230975],
    "time": {
      "sunday": "09:00-20:00",
      "monday": "09:00-20:00",
      "tuesday": "09:00-20:00",
      "wednesday": "09:00-20:00",
      "thursday": "09:00-20:00",
      "friday": "09:00-20:00",
      "saturday": "09:00-20:00"
    }
  },
  {
    "city": "Боярка",
    "addto": "Київ",
    "cityCoordinates": [50.321191, 30.297863],
    "zoomCity": 12,
    "name": "м. Боярка, вулиця Молодіжна, 1-А",
    "coordinates": [50.343005, 30.299763],
    "time": {
      "sunday": "09:00-20:00",
      "monday": "09:00-20:00",
      "tuesday": "09:00-20:00",
      "wednesday": "09:00-20:00",
      "thursday": "09:00-20:00",
      "friday": "09:00-20:00",
      "saturday": "09:00-20:00"
    }
  },
  {
    "city": "Коломия",
    "addto": "Івано-Франківськ",
    "cityCoordinates": [48.530476, 25.037486],
    "zoomCity": 12,
    "name": "м. Коломия, вулиця Грушевського, 82",
    "coordinates": [48.5262097487928, 25.0277772263797],
    "time": {
      "sunday": "10:00-18:00",
      "monday": "9:00-19:00",
      "tuesday": "9:00-19:00",
      "wednesday": "9:00-19:00",
      "thursday": "9:00-19:00",
      "friday": "9:00-19:00",
      "saturday": "9:00-19:00"
    }
  },
  {
    "city": "Старокостянтинів",
    "addto": "Хмельницький",
    "cityCoordinates": [49.757572, 27.206094],
    "zoomCity": 12,
    "name": "м. Старокостянтинів, вулиця Острозького, 48",
    "coordinates": [49.7552682651583, 27.2087057068007],
    "time": {
      "sunday": "09:00-18:00",
      "monday": "09:00-18:00",
      "tuesday": "09:00-18:00",
      "wednesday": "09:00-18:00",
      "thursday": "09:00-18:00",
      "friday": "09:00-18:00",
      "saturday": "09:00-18:00"
    }
  },
  {
    "city": "Кременчук",
    "addto": "Кременчук",
    "cityCoordinates": [49.067531, 33.413056],
    "zoomCity": 12,
    "name": "м. Кременчук, вулиця Університетська, 41/4",
    "coordinates": [49.063833, 33.416317],
    "time": {
      "sunday": "09:00-20:00",
      "monday": "09:00-20:00",
      "tuesday": "09:00-20:00",
      "wednesday": "09:00-20:00",
      "thursday": "09:00-20:00",
      "friday": "09:00-20:00",
      "saturday": "09:00-20:00"
    }
  },
  {
    "city": "Кременчук",
    "addto": "Кременчук",
    "cityCoordinates": [49.067531, 33.413056],
    "zoomCity": 12,
    "name": "м. Кременчук, проспект Свободи, 77",
    "coordinates": [49.100015, 33.432484],
    "time": {
      "sunday": "09:00-20:00",
      "monday": "09:00-20:00",
      "tuesday": "09:00-20:00",
      "wednesday": "09:00-20:00",
      "thursday": "09:00-20:00",
      "friday": "09:00-20:00",
      "saturday": "09:00-20:00"
    }
  },
  {
    "city": "Дніпро",
    "addto": "Дніпро",
    "cityCoordinates": [48.467721, 35.040859],
    "zoomCity": 12,
    "name": "м. Дніпро, вулиця Богдана Хмельницького, 118-Д",
    "coordinates": [48.4062225022943, 34.9997186052005],
    "time": {
      "sunday": "09:00-20:00",
      "monday": "09:00-20:00",
      "tuesday": "09:00-20:00",
      "wednesday": "09:00-20:00",
      "thursday": "09:00-20:00",
      "friday": "09:00-20:00",
      "saturday": "09:00-20:00"
    }
  },
  {
    "city": "Ірпінь",
    "addto": "Київ",
    "cityCoordinates": [50.521793, 30.250554],
    "zoomCity": 12,
    "name": "м. Ірпінь, вулиця Новооскольська, 2-Р",
    "coordinates": [50.519886, 30.211268],
    "time": {
      "sunday": "09:00-20:00",
      "monday": "09:00-20:00",
      "tuesday": "09:00-20:00",
      "wednesday": "09:00-20:00",
      "thursday": "09:00-20:00",
      "friday": "09:00-20:00",
      "saturday": "09:00-20:00"
    }
  },
  {
    "city": "Київ",
    "addto": "Київ",
    "cityCoordinates": [50.4504212701224, 30.5237082363775],
    "zoomCity": 12,
    "name": "м. Київ, вулиця Сюсюри, 3",
    "coordinates": [50.443498, 30.628268],
    "time": {
      "sunday": "09:00-20:00",
      "monday": "09:00-20:00",
      "tuesday": "09:00-20:00",
      "wednesday": "09:00-20:00",
      "thursday": "09:00-20:00",
      "friday": "09:00-20:00",
      "saturday": "09:00-20:00"
    }
  },
  {
    "city": "Самар",
    "addto": "Самар",
    "cityCoordinates": [48.62891, 35.258181],
    "zoomCity": 12,
    "name": "м. Новомосковськ, вулиця Сучкова, 34",
    "coordinates": [48.63675, 35.25567],
    "time": {
      "sunday": "09:00-20:00",
      "monday": "09:00-20:00",
      "tuesday": "09:00-20:00",
      "wednesday": "09:00-20:00",
      "thursday": "09:00-20:00",
      "friday": "09:00-20:00",
      "saturday": "09:00-20:00"
    }
  },
  {
    "city": "Виноградів",
    "addto": "Мукачево",
    "cityCoordinates": [48.1398, 23.0364],
    "zoomCity": 12,
    "name": "м. Виноградів, вулиця Станційна, 1",
    "coordinates": [48.1398731806352, 23.0303701520538],
    "time": {
      "sunday": "09:00-18:00",
      "monday": "09:00-18:00",
      "tuesday": "09:00-18:00",
      "wednesday": "09:00-18:00",
      "thursday": "09:00-18:00",
      "friday": "09:00-18:00",
      "saturday": "09:00-18:00"
    }
  },
  {
    "city": "Івано-Франківськ",
    "addto": "Івано-Франківськ",
    "cityCoordinates": [48.922633, 24.710328],
    "zoomCity": 12,
    "name": "м.Івано-Франківськ, вулиця Стуса, 28",
    "coordinates": [48.934535, 24.745459],
    "time": {
      "sunday": "10:00-18:00",
      "monday": "10:00-19:00",
      "tuesday": "10:00-19:00",
      "wednesday": "10:00-19:00",
      "thursday": "10:00-19:00",
      "friday": "10:00-19:00",
      "saturday": "10:00-19:00"
    }
  },
  {
    "city": "Мукачево",
    "addto": "Мукачево",
    "cityCoordinates": [48.449328, 22.713662],
    "zoomCity": 12,
    "name": "м. Мукачево, вулиця Купальна, 11",
    "coordinates": [48.4435677411498, 22.7247283616797],
    "time": {
      "sunday": "10:00-18:00",
      "monday": "08:00-18:00",
      "tuesday": "08:00-18:00",
      "wednesday": "08:00-18:00",
      "thursday": "08:00-18:00",
      "friday": "08:00-18:00",
      "saturday": "09:00-18:00"
    }
  },
  {
    "city": "Ужгород",
    "addto": "Ужгород",
    "cityCoordinates": [48.621025, 22.287711],
    "zoomCity": 12,
    "name": "м. Ужгород, вулиця Швабська, 21",
    "coordinates": [48.6174320110433, 22.296200888652],
    "time": {
      "sunday": "09:00-19:00",
      "monday": "09:00-19:00",
      "tuesday": "09:00-19:00",
      "wednesday": "09:00-19:00",
      "thursday": "09:00-19:00",
      "friday": "09:00-19:00",
      "saturday": "09:00-19:00"
    }
  },
  {
    "city": "Біла Церква",
    "addto": "Київ",
    "cityCoordinates": [49.80939, 30.11209],
    "zoomCity": 12,
    "name": "м.Біла Церква, вулиця Ярмаркова, 43/24",
    "coordinates": [49.7966143597165, 30.1273531213653],
    "time": {
      "sunday": "8:00-19:00",
      "monday": "8:00-19:00",
      "tuesday": "8:00-19:00",
      "wednesday": "8:00-19:00",
      "thursday": "8:00-19:00",
      "friday": "8:00-19:00",
      "saturday": "8:00-19:00"
    }
  },
  {
    "city": "Бровари",
    "addto": "Київ",
    "cityCoordinates": [50.505798, 30.806711],
    "zoomCity": 12,
    "name": "м. Бровари, вулиця Москаленко, 16",
    "coordinates": [50.50645, 30.82658],
    "time": {
      "sunday": "09:00-19:00",
      "monday": "09:00-19:00",
      "tuesday": "09:00-19:00",
      "wednesday": "09:00-19:00",
      "thursday": "09:00-19:00",
      "friday": "09:00-19:00",
      "saturday": "09:00-19:00"
    }
  },
  {
    "city": "Долина",
    "addto": "Долина",
    "cityCoordinates": [48.975536, 24.011195],
    "zoomCity": 12,
    "name": "м. Долина, вулиця Незалежності, 2",
    "coordinates": [48.970767, 23.969057],
    "time": {
      "sunday": "10:00-18:00",
      "monday": "09:00-19:00",
      "tuesday": "09:00-19:00",
      "wednesday": "09:00-19:00",
      "thursday": "09:00-19:00",
      "friday": "09:00-19:00",
      "saturday": "09:00-19:00"
    }
  },
  {
    "city": "Кам'янець Подільський",
    "addto": "Чернівці",
    "cityCoordinates": [48.683478, 26.585706],
    "zoomCity": 12,
    "name": "м. Кам'янець-Подільський, вулиця Соборна, 16-Е",
    "coordinates": [48.6787806873582, 26.5905624276688],
    "time": {
      "sunday": "10:00-19:00",
      "monday": "9:00-19:00",
      "tuesday": "9:00-19:00",
      "wednesday": "9:00-19:00",
      "thursday": "9:00-19:00",
      "friday": "9:00-19:00",
      "saturday": "9:00-19:00"
    }
  },
  {
    "city": "Львів",
    "addto": "Львів",
    "cityCoordinates": [49.841952, 24.031592],
    "zoomCity": 12,
    "name": "м. Львів, вулиця Городоцька, 179",
    "coordinates": [49.83511, 23.994731],
    "time": {
      "sunday": "10:00-20:00",
      "monday": "10:00-20:00",
      "tuesday": "10:00-20:00",
      "wednesday": "10:00-20:00",
      "thursday": "10:00-20:00",
      "friday": "10:00-20:00",
      "saturday": "10:00-20:00"
    }
  },
  {
    "city": "Полтава",
    "addto": "Полтава",
    "cityCoordinates": [49.588267, 34.551417],
    "zoomCity": 12,
    "name": "м. Полтава, вулиця 23-го Вересня, 9",
    "coordinates": [49.566595, 34.504891],
    "time": {
      "sunday": "09:00-20:00",
      "monday": "09:00-20:00",
      "tuesday": "09:00-20:00",
      "wednesday": "09:00-20:00",
      "thursday": "09:00-20:00",
      "friday": "09:00-20:00",
      "saturday": "09:00-20:00"
    }
  },
  {
    "city": "Стрий",
    "addto": "Стрий",
    "cityCoordinates": [49.262622, 23.856039],
    "zoomCity": 12,
    "name": "м. Стрий, вулиця Андрія Корчака, 9",
    "coordinates": [49.258643, 23.856199],
    "time": {
      "sunday": "10:00-18:00",
      "monday": "09:00-19:00",
      "tuesday": "09:00-19:00",
      "wednesday": "09:00-19:00",
      "thursday": "09:00-19:00",
      "friday": "09:00-19:00",
      "saturday": "09:00-19:00"
    }
  },
  {
    "city": "Ужгород",
    "addto": "Ужгород",
    "cityCoordinates": [48.621025, 22.287711],
    "zoomCity": 12,
    "name": "м. Ужгород, проспект Свободи, 25",
    "coordinates": [48.6191907258174, 22.2892110199268],
    "time": {
      "sunday": "09:00-19:00",
      "monday": "09:00-19:00",
      "tuesday": "09:00-19:00",
      "wednesday": "09:00-19:00",
      "thursday": "09:00-19:00",
      "friday": "09:00-19:00",
      "saturday": "09:00-19:00"
    }
  },
  {
    "city": "Ужгород",
    "addto": "Ужгород",
    "cityCoordinates": [48.621025, 22.287711],
    "zoomCity": 12,
    "name": "м. Ужгород, проспект Свободи, 35",
    "coordinates": [48.6164819525248, 22.2908750038951],
    "time": {
      "sunday": "09:00-19:00",
      "monday": "09:00-19:00",
      "tuesday": "09:00-19:00",
      "wednesday": "09:00-19:00",
      "thursday": "09:00-19:00",
      "friday": "09:00-19:00",
      "saturday": "09:00-19:00"
    }
  },
  {
    "city": "Хмельницький",
    "addto": "Хмельницький",
    "cityCoordinates": [49.421612, 26.996533],
    "zoomCity": 12,
    "name": "м. Хмельницький, вулиця Старокостянтинівське шосе, 2/1-Б",
    "coordinates": [49.451595, 27.01258],
    "time": {
      "sunday": "10:00-21:00",
      "monday": "10:00-21:00",
      "tuesday": "10:00-21:00",
      "wednesday": "10:00-21:00",
      "thursday": "10:00-21:00",
      "friday": "10:00-21:00",
      "saturday": "10:00-21:00"
    }
  },
  {
    "city": "Чернівці",
    "addto": "Чернівці",
    "cityCoordinates": [48.291489, 25.94034],
    "zoomCity": 12,
    "name": "м. Чернівці, вулиця Руська, 248-Б",
    "coordinates": [48.2727756930732, 25.992403747133],
    "time": {
      "sunday": "10:00-18:00",
      "monday": "09:00-20:00",
      "tuesday": "09:00-20:00",
      "wednesday": "09:00-20:00",
      "thursday": "09:00-20:00",
      "friday": "09:00-20:00",
      "saturday": "09:00-19:00"
    }
  },
  {
    "city": "Чернівці",
    "addto": "Чернівці",
    "cityCoordinates": [48.291489, 25.94034],
    "zoomCity": 12,
    "name": "м. Чернівці, проспект Незалежності, 103",
    "coordinates": [48.2686917859884, 25.9453063939121],
    "time": {
      "sunday": "10:00-18:00",
      "monday": "09:00-20:00",
      "tuesday": "09:00-20:00",
      "wednesday": "09:00-20:00",
      "thursday": "09:00-20:00",
      "friday": "09:00-20:00",
      "saturday": "09:00-19:00"
    }
  },
  {
    "city": "Чернівці",
    "addto": "Чернівці",
    "cityCoordinates": [48.291489, 25.94034],
    "zoomCity": 12,
    "name": "м. Чернівці, вулиця Руська, 3",
    "coordinates": [48.291883, 25.937784],
    "time": {
      "sunday": "09:00-18:00",
      "monday": "09:00-20:00",
      "tuesday": "09:00-20:00",
      "wednesday": "09:00-20:00",
      "thursday": "09:00-20:00",
      "friday": "09:00-20:00",
      "saturday": "09:00-20:00"
    }
  },
  {
    "city": "Буча",
    "addto": "Київ",
    "cityCoordinates": [50.546742, 30.211657],
    "zoomCity": 12,
    "name": "Київська область, Бучанський район, м.Буча, вулиця Героів Майдану, 3",
    "coordinates": [50.549816, 30.215899],
    "time": {
      "sunday": "09:00-20:00",
      "monday": "09:00-20:00",
      "tuesday": "09:00-20:00",
      "wednesday": "09:00-20:00",
      "thursday": "09:00-20:00",
      "friday": "09:00-20:00",
      "saturday": "09:00-20:00"
    }
  },
  {
    "city": "Вишневе",
    "addto": "Київ",
    "cityCoordinates": [50.389351, 30.370846],
    "zoomCity": 12,
    "name": "Київська область, м. Вишневе, вулиця Європейська, 31-А",
    "coordinates": [50.3928541803395, 30.375277246228],
    "time": {
      "sunday": "09:00-20:00",
      "monday": "09:00-20:00",
      "tuesday": "09:00-20:00",
      "wednesday": "09:00-20:00",
      "thursday": "09:00-20:00",
      "friday": "09:00-20:00",
      "saturday": "09:00-20:00"
    }
  },
  {
    "city": "Київ",
    "addto": "Київ",
    "cityCoordinates": [50.4504212701224, 30.5237082363775],
    "zoomCity": 12,
    "name": "м. Київ, проспект Червоної Калини, 17",
    "coordinates": [50.502243, 30.5929],
    "time": {
      "sunday": "09:00-20:00",
      "monday": "09:00-20:00",
      "tuesday": "09:00-20:00",
      "wednesday": "09:00-20:00",
      "thursday": "09:00-20:00",
      "friday": "09:00-20:00",
      "saturday": "09:00-20:00"
    }
  },
  {
    "city": "Київ",
    "addto": "Київ",
    "cityCoordinates": [50.4504212701224, 30.5237082363775],
    "zoomCity": 12,
    "name": "м. Київ, вулиця Данила Щербаківського, 53",
    "coordinates": [50.475927, 30.405098],
    "time": {
      "sunday": "09:00-20:00",
      "monday": "09:00-20:00",
      "tuesday": "09:00-20:00",
      "wednesday": "09:00-20:00",
      "thursday": "09:00-20:00",
      "friday": "09:00-20:00",
      "saturday": "09:00-20:00"
    }
  },
  {
    "city": "Дніпро",
    "addto": "Дніпро",
    "cityCoordinates": [48.467721, 35.040859],
    "zoomCity": 12,
    "name": "м. Дніпро, вулиця Європейська (Миронова),  1",
    "coordinates": [48.4659084419172, 35.0472175345693],
    "time": {
      "sunday": "09:00-20:00",
      "monday": "09:00-20:00",
      "tuesday": "09:00-20:00",
      "wednesday": "09:00-20:00",
      "thursday": "09:00-20:00",
      "friday": "09:00-20:00",
      "saturday": "09:00-20:00"
    }
  },
  {
    "city": "Хмельницький",
    "addto": "Хмельницький",
    "cityCoordinates": [49.421612, 26.996533],
    "zoomCity": 12,
    "name": "м. Хмельницький, вулиця Кам'янецька, 3",
    "coordinates": [49.4302223625157, 26.9805711244159],
    "time": {
      "sunday": "09:00-20:00",
      "monday": "09:00-20:00",
      "tuesday": "09:00-20:00",
      "wednesday": "09:00-20:00",
      "thursday": "09:00-20:00",
      "friday": "09:00-20:00",
      "saturday": "09:00-20:00"
    }
  },
  {
    "city": "Трускавець",
    "addto": "Трускавець",
    "cityCoordinates": [49.278702, 23.505623],
    "zoomCity": 12,
    "name": "Львівська область, Дрогобицький район,  м. Трускавець, вулиця Стебницька, 43-А",
    "coordinates": [49.281472, 23.5185732],
    "time": {
      "sunday": "10:00-20:00",
      "monday": "10:00-20:00",
      "tuesday": "10:00-20:00",
      "wednesday": "10:00-20:00",
      "thursday": "10:00-20:00",
      "friday": "10:00-20:00",
      "saturday": "10:00-20:00"
    }
  },
  {
    "city": "Українка",
    "addto": "Київ",
    "cityCoordinates": [50.153596, 30.738116],
    "zoomCity": 12,
    "name": "Київська область, Обухівський район, м. Українка, вулиця Соснова, 5-А",
    "coordinates": [50.1537894088623, 30.7489873055169],
    "time": {
      "sunday": "09:00-20:00",
      "monday": "09:00-20:00",
      "tuesday": "09:00-20:00",
      "wednesday": "09:00-20:00",
      "thursday": "09:00-20:00",
      "friday": "09:00-20:00",
      "saturday": "09:00-20:00"
    }
  },
  {
    "city": "Луцьк",
    "addto": "Луцьк",
    "cityCoordinates": [50.747232, 25.325383],
    "zoomCity": 12,
    "name": "Волинська область, м. Луцьк, вулиця Кривий вал, 30-А",
    "coordinates": [50.744673, 25.323158],
    "time": {
      "sunday": "09:00-20:00",
      "monday": "09:00-20:00",
      "tuesday": "09:00-20:00",
      "wednesday": "09:00-20:00",
      "thursday": "09:00-20:00",
      "friday": "09:00-20:00",
      "saturday": "09:00-20:00"
    }
  },
  {
    "city": "Дніпро",
    "addto": "Дніпро",
    "cityCoordinates": [48.467721, 35.040859],
    "zoomCity": 12,
    "name": "м. Дніпро, вулиця Панікахи, 42-В",
    "coordinates": [48.392018, 35.030713],
    "time": {
      "sunday": "09:00-20:00",
      "monday": "09:00-20:00",
      "tuesday": "09:00-20:00",
      "wednesday": "09:00-20:00",
      "thursday": "09:00-20:00",
      "friday": "09:00-20:00",
      "saturday": "09:00-20:00"
    }
  },
  {
    "city": "Самар",
    "addto": "Самар",
    "cityCoordinates": [48.62891, 35.258181],
    "zoomCity": 12,
    "name": "м. Самар, вулиця Гетьманська, 40-А",
    "coordinates": [48.639247, 35.259581],
    "time": {
      "sunday": "09:00-20:00",
      "monday": "09:00-20:00",
      "tuesday": "09:00-20:00",
      "wednesday": "09:00-20:00",
      "thursday": "09:00-20:00",
      "friday": "09:00-20:00",
      "saturday": "09:00-20:00"
    }
  },
  {
    "city": "Рівне",
    "addto": "Рівне",
    "cityCoordinates": [50.6199, 26.251617],
    "zoomCity": 12,
    "name": "м. Рівне, вулиця Сергія Бачинського, 5",
    "coordinates": [50.597687, 26.264255],
    "time": {
      "sunday": "10:00-20:00",
      "monday": "10:00-20:00",
      "tuesday": "10:00-20:00",
      "wednesday": "10:00-20:00",
      "thursday": "10:00-20:00",
      "friday": "10:00-20:00",
      "saturday": "10:00-20:00"
    }
  },
  {
    "city": "Рудне",
    "addto": "Львів",
    "cityCoordinates": [49.806295, 23.907431],
    "zoomCity": 12,
    "name": "Львівська область, Львівський район, сщ. Рудне, вулиця Шептицького, 2",
    "coordinates": [49.83442, 23.879639],
    "time": {
      "sunday": "10:00-20:00",
      "monday": "10:00-20:00",
      "tuesday": "10:00-20:00",
      "wednesday": "10:00-20:00",
      "thursday": "10:00-20:00",
      "friday": "10:00-20:00",
      "saturday": "10:00-20:00"
    }
  },
  {
    "city": "Житомир",
    "addto": "Житомир",
    "cityCoordinates": [50.25465, 28.658667],
    "zoomCity": 12,
    "name": "м. Житомир, вулиця Отаманів Соколовських, 1",
    "coordinates": [50.273476, 28.665533],
    "time": {
      "sunday": "09:00-20:00",
      "monday": "09:00-20:00",
      "tuesday": "09:00-20:00",
      "wednesday": "09:00-20:00",
      "thursday": "09:00-20:00",
      "friday": "09:00-20:00",
      "saturday": "09:00-20:00"
    }
  },
  {
    "city": "Ужгород",
    "addto": "Ужгород",
    "cityCoordinates": [48.621025, 22.287711],
    "zoomCity": 12,
    "name": "м. Ужгород, вулиця Грушевського, 68-А",
    "coordinates": [48.604701, 22.28302],
    "time": {
      "sunday": "10:00-20:00",
      "monday": "10:00-20:00",
      "tuesday": "10:00-20:00",
      "wednesday": "10:00-20:00",
      "thursday": "10:00-20:00",
      "friday": "10:00-20:00",
      "saturday": "10:00-20:00"
    }
  },
  {
    "city": "Самбір",
    "addto": "Самбір",
    "cityCoordinates": [49.806295, 23.907431],
    "zoomCity": 12,
    "name": "м. Самбір, вулиця Богдана Хмельницько, № 12",
    "coordinates": [49.51503, 23.198037],
    "time": {
      "sunday": "10:00-20:00",
      "monday": "10:00-20:00",
      "tuesday": "10:00-20:00",
      "wednesday": "10:00-20:00",
      "thursday": "10:00-20:00",
      "friday": "10:00-20:00",
      "saturday": "10:00-20:00"
    }
  },
  {
    "city": "Чернівці",
    "addto": "Чернівці",
    "cityCoordinates": [48.291489, 25.94034],
    "zoomCity": 12,
    "name": "м. Чернівці, вулиця Головна, № 27",
    "coordinates": [48.294139, 25.936712],
    "time": {
      "sunday": "10:00-20:00",
      "monday": "10:00-20:00",
      "tuesday": "10:00-20:00",
      "wednesday": "10:00-20:00",
      "thursday": "10:00-20:00",
      "friday": "10:00-20:00",
      "saturday": "10:00-20:00"
    }
  },
  {
    "city": "Луцьк",
    "addto": "Луцьк",
    "cityCoordinates": [50.417815, 25.750844],
    "zoomCity": 12,
    "name": "Волинська область, м. Луцьк, Київський майдан, 1",
    "coordinates": [50.741624, 25.357179],
    "time": {
      "sunday": "10:00-20:00",
      "monday": "10:00-20:00",
      "tuesday": "10:00-20:00",
      "wednesday": "10:00-20:00",
      "thursday": "10:00-20:00",
      "friday": "10:00-20:00",
      "saturday": "10:00-20:00"
    }
  },
  {
    "city": "Львів",
    "addto": "Львів",
    "cityCoordinates": [49.806295, 23.907431],
    "zoomCity": 12,
    "name": "м. Львів, проїзд Виговського, № 1",
    "coordinates": [49.8302383413696, 23.9686267846577],
    "time": {
      "sunday": "10:00-20:00",
      "monday": "10:00-20:00",
      "tuesday": "10:00-20:00",
      "wednesday": "10:00-20:00",
      "thursday": "10:00-20:00",
      "friday": "10:00-20:00",
      "saturday": "10:00-20:00"
    }
  },
  {
    "city": "Дніпро",
    "addto": "Дніпро",
    "cityCoordinates": [48.467721, 35.040859],
    "zoomCity": 12,
    "name": "м. Дніпро, вулиця Данила Галицького, № 31",
    "coordinates": [48.459002, 34.938969],
    "time": {
      "sunday": "10:00 - 18:00",
      "monday": "09:00-20:00 ",
      "tuesday": "09:00-20:00 ",
      "wednesday": "09:00-20:00 ",
      "thursday": "09:00-20:00 ",
      "friday": "09:00-20:00 ",
      "saturday": "09:00 - 19:00"
    }
  },
  {
    "city": "Кам'янське",
    "addto": "Кам'янське",
    "cityCoordinates": [48.511339, 34.602108],
    "zoomCity": 12,
    "name": "м. Кам'янське, вулиця Чорновола, № 69Е",
    "coordinates": [48.477905, 34.667339],
    "time": {
      "sunday": "10:00-20:00",
      "monday": "10:00-20:00",
      "tuesday": "10:00-20:00",
      "wednesday": "10:00-20:00",
      "thursday": "10:00-20:00",
      "friday": "10:00-20:00",
      "saturday": "10:00-20:00"
    }
  },
  {
    "city": "Волочиськ",
    "addto": "Волочиськ",
    "cityCoordinates": [49.538457, 26.208765],
    "zoomCity": 12,
    "name": "Хмельницька область, м. Волочиськ, вулиця Незалежності, 27/5",
    "coordinates": [49.53582, 26.204956],
    "time": {
      "sunday": "10:00-20:00",
      "monday": "10:00-20:00",
      "tuesday": "10:00-20:00",
      "wednesday": "10:00-20:00",
      "thursday": "10:00-20:00",
      "friday": "10:00-20:00",
      "saturday": "10:00-20:00"
    }
  },
  {
    "city": "Житомир",
    "addto": "Житомир",
    "cityCoordinates": [50.25465, 28.658667],
    "zoomCity": 12,
    "name": "м. Житомир, вулиця Кібальчича, № 9",
    "coordinates": [50.242021, 28.70667],
    "time": {
      "sunday": "10:00-20:00",
      "monday": "10:00-20:00",
      "tuesday": "10:00-20:00",
      "wednesday": "10:00-20:00",
      "thursday": "10:00-20:00",
      "friday": "10:00-20:00",
      "saturday": "10:00-20:00"
    }
  },
  {
    "city": "Коростень",
    "addto": "Коростень",
    "cityCoordinates": [50.949197, 28.638284],
    "zoomCity": 12,
    "name": "м. Коростень, вул. Грушевського, 15",
    "coordinates": [50.948235, 28.642364],
    "time": {
      "sunday": "09:00-19:00",
      "monday": "09:00-19:00",
      "tuesday": "09:00-19:00",
      "wednesday": "09:00-19:00",
      "thursday": "09:00-19:00",
      "friday": "09:00-19:00",
      "saturday": "09:00-19:00"
    }
  },
  {
    "city": "Біла Церква",
    "addto": "Київ",
    "cityCoordinates": [49.80939, 30.11209],
    "zoomCity": 12,
    "name": "м. Біла Церква, вулиця Леваневського, № 53",
    "coordinates": [49.786886, 30.152931],
    "time": {
      "sunday": "10:00-20:00",
      "monday": "10:00-20:00",
      "tuesday": "10:00-20:00",
      "wednesday": "10:00-20:00",
      "thursday": "10:00-20:00",
      "friday": "10:00-20:00",
      "saturday": "10:00-20:00"
    }
  },
  {
    "city": "Київ",
    "addto": "Київ",
    "cityCoordinates": [50.4504212701224, 30.5237082363775],
    "zoomCity": 12,
    "name": "м. Київ, вулиця Вербицького, № 30",
    "coordinates": [50.407307, 30.666314],
    "time": {
      "sunday": "10:00-20:00",
      "monday": "10:00-20:00",
      "tuesday": "10:00-20:00",
      "wednesday": "10:00-20:00",
      "thursday": "10:00-20:00",
      "friday": "10:00-20:00",
      "saturday": "10:00-20:00"
    }
  },
  {
    "city": "Славута",
    "addto": "Славута",
    "cityCoordinates": [50.29965, 26.86521],
    "zoomCity": 12,
    "name": "м. Славута, вулиця Соборності № 37",
    "coordinates": [50.293732, 26.866299],
    "time": {
      "sunday": "09:00-19:00",
      "monday": "09:00-19:00",
      "tuesday": "09:00-19:00",
      "wednesday": "09:00-19:00",
      "thursday": "09:00-19:00",
      "friday": "09:00-19:00",
      "saturday": "09:00-19:00"
    }
  },
  {
    "city": "Київ",
    "addto": "Київ",
    "cityCoordinates": [50.4504212701224, 30.5237082363775],
    "zoomCity": 12,
    "name": "м. Київ, вул. Бажана, 38",
    "coordinates": [50.400451, 30.651444],
    "time": {
      "sunday": "10:00-20:00",
      "monday": "10:00-20:00",
      "tuesday": "10:00-20:00",
      "wednesday": "10:00-20:00",
      "thursday": "10:00-20:00",
      "friday": "10:00-20:00",
      "saturday": "10:00-20:00"
    }
  },
  {
    "city": "Виноградів",
    "addto": "Мукачево",
    "cityCoordinates": [48.1398, 23.0364],
    "zoomCity": 12,
    "name": "м. Виноградів, вулиця Шевченка, 4",
    "coordinates": [48.140386, 23.032409],
    "time": {
      "sunday": "\n09:00-16:00",
      "monday": "09:00-18:00 ",
      "tuesday": "09:00-18:00 ",
      "wednesday": "09:00-18:00 ",
      "thursday": "09:00-18:00 ",
      "friday": "09:00-18:00 ",
      "saturday": "09:00-17:00"
    }
  },
  {
    "city": "Івано-Франківськ",
    "addto": "Івано-Франківськ",
    "cityCoordinates": [48.922633, 24.710328],
    "zoomCity": 12,
    "name": "м. Івано-Франківськ, вулиця Мельника, 2",
    "coordinates": [48.918547, 24.714914],
    "time": {
      "sunday": " 10:00-17:00 ",
      "monday": "09:00-19:00",
      "tuesday": "09:00-19:00",
      "wednesday": "09:00-19:00",
      "thursday": "09:00-19:00",
      "friday": "09:00-19:00",
      "saturday": "09:00-19:00"
    }
  },
  {
    "city": "Ужгород",
    "addto": "Ужгород",
    "cityCoordinates": [48.621025, 22.287711],
    "zoomCity": 12,
    "name": "м. Ужгород, вулиця Минайська, 16-Г",
    "coordinates": [48.608016, 22.2888542],
    "time": {
      "sunday": "09:00-20:00 ",
      "monday": "09:00-20:00",
      "tuesday": "09:00-20:00",
      "wednesday": "09:00-20:00",
      "thursday": "09:00-20:00",
      "friday": "09:00-20:00",
      "saturday": "09:00-20:00"
    }
  },
  {
    "city": "Долина",
    "addto": "Долина",
    "cityCoordinates": [49.048839, 24.369684],
    "zoomCity": 12,
    "name": "м. Долина, вулиця Грушевського, 26-В",
    "coordinates": [48.974438, 23.969068],
    "time": {
      "sunday": "10:00-17:00 ",
      "monday": "09:00-19:00",
      "tuesday": "09:00-19:00",
      "wednesday": "09:00-19:00",
      "thursday": "09:00-19:00",
      "friday": "09:00-19:00",
      "saturday": "09:00-19:00"
    }
  },
  {
    "city": "Чернівці",
    "addto": "Чернівці",
    "cityCoordinates": [48.291489, 25.94034],
    "zoomCity": 12,
    "name": "м. Чернівці, вулиця Руська, 219-Е",
    "coordinates": [48.28056, 25.979657],
    "time": {
      "sunday": " 09:00-18:00",
      "monday": "09:00-20:00 ",
      "tuesday": "09:00-20:00 ",
      "wednesday": "09:00-20:00 ",
      "thursday": "09:00-20:00 ",
      "friday": "09:00-20:00 ",
      "saturday": "09:00-20:00 "
    }
  },
  {
    "city": "Київ",
    "addto": "Київ",
    "cityCoordinates": [50.4504212701224, 30.5237082363775],
    "zoomCity": 12,
    "name": "м. Київ, просп. Воскресенский, 36",
    "coordinates": [50.484739, 30.594616],
    "time": {
      "sunday": "10:00-21:00 ",
      "monday": "10:00-21:00 ",
      "tuesday": "10:00-21:00 ",
      "wednesday": "10:00-21:00 ",
      "thursday": "10:00-21:00 ",
      "friday": "10:00-21:00 ",
      "saturday": "10:00-21:00 "
    }
  },
  {
    "city": "Луцьк",
    "addto": "Луцьк",
    "cityCoordinates": [],
    "zoomCity": 12,
    "name": "м. Луцьк, вул. Президента Грушевського, 31",
    "coordinates": [50.757854, 25.34901],
    "time": {
      "sunday": "09:00-20:00 ",
      "monday": "09:00-20:00",
      "tuesday": "09:00-20:00",
      "wednesday": "09:00-20:00",
      "thursday": "09:00-20:00",
      "friday": "09:00-20:00",
      "saturday": "09:00-20:00"
    }
  },
  {
    "city": "Полтава",
    "addto": "Полтава",
    "cityCoordinates": [49.588267, 34.551417],
    "zoomCity": 12,
    "name": "м. Полтава, вулиця Шевченка, 27",
    "coordinates": [49.583476, 34.547373],
    "time": {
      "sunday": "08:00-19:00 ",
      "monday": "08:00-19:00",
      "tuesday": "08:00-19:00",
      "wednesday": "08:00-19:00",
      "thursday": "08:00-19:00",
      "friday": "08:00-19:00",
      "saturday": "08:00-19:00"
    }
  },
  {
    "city": "Мукачево",
    "addto": "Мукачево",
    "cityCoordinates": [48.1398, 23.0364],
    "zoomCity": 12,
    "name": "м. Мукачево, ТЦ Retail Park, вулиця Шептицького, 21,",
    "coordinates": [],
    "time": {
      "sunday": "09:00-20:00 ",
      "monday": "09:00-20:00",
      "tuesday": "09:00-20:00",
      "wednesday": "09:00-20:00",
      "thursday": "09:00-20:00",
      "friday": "09:00-20:00",
      "saturday": "09:00-20:00"
    }
  }
]
